{"resolutionVal":0,"bgmVal":0.14695005118846894,"effectVal":0.4620441794395447,"languageVal":0,"isAutoSave":false}