{"resolutionVal":0,"bgmVal":0.9702426791191101,"effectVal":0.6587106585502625,"languageVal":0}