{"resolutionVal":0,"bgmVal":0.45201748609542849,"effectVal":0.6587106585502625}