{"resolutionVal":0,"bgmVal":0.7429181337356567,"effectVal":0.4620441794395447,"languageVal":1,"isAutoSave":false}