{"resolutionVal":1,"bgmVal":0.7863776683807373,"effectVal":0.29396751523017886}