{"resolutionVal":0,"bgmVal":0.49861940741539,"effectVal":0.6932810544967651,"languageVal":0,"isAutoSave":true}