{"resolutionVal":0,"bgmVal":0.7143177390098572,"effectVal":0.813400387763977}