{"resolutionVal":0,"bgmVal":0.22802585363388062,"effectVal":0.4620441794395447,"languageVal":0,"isAutoSave":false}