{"resolutionVal":0,"bgmVal":0.1645922064781189,"effectVal":0.6587106585502625,"languageVal":0}