{"resolutionVal":0,"bgmVal":0.6268887519836426,"effectVal":0.43408167362213137}